unitid,institutionname,fein,newfein
222178,Abilene Christian University,750851900,750851900
188429,Adelphi University,111630741,111630741
168528,Adrian College,381357980,381357980
133872,Adventist University of Health Sciences,593069793,593069793
138600,Agnes Scott College,110566116,110566116
152822,AIB College of Business,420681067,420681067
102580,Alaska Bible College,943255546,943255546
102669,Alaska Pacific University,920023588,920023588
188526,Albany College of Pharmacy and Health Sciences,141423161,141423161
128498,Albertus Magnus College,60646520,60646520
168546,Albion College,381359081,381359081
210571,Albright College,231352615,231352615
237118,Alderson Broaddus University,550357072,550357072
188641,Alfred University,160743900,160743900
156189,Alice Lloyd College,610492351,610492351
210669,Allegheny College,250965212,250965212
200873,Allegheny Wesleyan College,341142457,341142457
152798,Allen College,421351526,421351526
217624,Allen University,570341191,570341191
168591,Alma College,381359083,381359083
210775,Alvernia University,231522643,231522643
238193,Alverno College,390806263,390806263
222628,Amberton University,751786007,751786007
142887,American Academy of Art,363778690,363778690
219505,American Baptist College,620485724,620485724
103787,American Indian College Inc,860200899,860200899
164447,American International College,42103701,42103701
116846,American Jewish University,951684064,951684064
188854,American Musical and Dramatic Academy,132501829,132501829
131159,American University,530196549,530196549
164465,Amherst College,42103542,42103542
100690,Amridge University,237034324,237034324
217633,Anderson University,570324906,570324906
150066,Anderson University,350867954,350867954
168740,Andrews University,381627600,381627600
164492,Anna Maria College,42002060,42002060
483018,Antioch College,261672457,261672457
245838,Antioch University-Los Angeles,310536640,310536640
245892,Antioch University-Midwest,310536640,310536640
245847,Antioch University-Santa Barbara,310536640,310536640
245883,Antioch University-Seattle,310536640,310536640
441511,Apex School of Theology,562031568,562031568
237136,Appalachian Bible College,550370901,550370901
168786,Aquinas College,381367080,381367080
219578,Aquinas College,620812782,620812782
211088,Arcadia University,231352620,231352620
105899,Arizona Christian University,860186050,860186050
106306,Arkansas Baptist College,710298658,710298658
222877,Arlington Baptist College,750983821,750983821
201061,Art Academy of Cincinnati,311601569,311601569
109651,Art Center College of Design,951921340,951921340
156213,Asbury University,610458355,610458355
201104,Ashland University,340714626,340714626
164562,Assumption College,42105776,42105776
439446,Atlantic Institute of Oriental Medicine,650512087,650512087
173045,Augsburg College,410694721,410694721
143084,Augustana College,362166962,362166962
219000,Augustana University,460224588,460224588
201177,Aultman College of Nursing and Health Sciences,340714538,340714538
143118,Aurora University,362166964,362166964
222983,Austin College,750827409,750827409
247825,Austin Graduate School of Theology,510174094,510174094
446048,Ave Maria University,30482006,30482006
231420,Averett University,540129860,540129860
449931,Averett University-Non-Traditional Programs,540129860,540129860
176628,Avila University,440617326,440617326
109785,Azusa Pacific University,951744369,951744369
474863,Azusa Pacific University College,364682140,364682140
164580,Babson College,42103544,42103544
206817,Bacone College,730590036,730590036
476601,Bais HaMedrash and Mesivta of Baltimore,521980774,521980774
245777,Bais Medrash Elyon,133728890,133728890
449658,Bais Medrash Toras Chesed,226830873,226830873
168847,Baker College,380321740,380321740
414708,Baker College Center for Graduate Studies,383177823,383177823
444167,Baker College of Allen Park,743075712,743075712
404073,Baker College of Auburn Hills,383477279,383477279
404648,Baker College of Cadillac,381895805,381895805
404082,Baker College of Clinton Township,383474281,383474281
414160,Baker College of Jackson,383148566,383148566
171298,Baker College of Muskegon,381895805,381895805
168838,Baker College of Owosso,382805044,382805044
381617,Baker College of Port Huron,382901703,382901703
154688,Baker University,480543766,480543766
201195,Baldwin Wallace University,340714629,340714629
176664,Baptist Bible College,440567840,440567840
219639,Baptist Memorial College of Health Sciences,621599670,621599670
223117,Baptist Missionary Association Theological Seminary,750959996,750959996
444398,Baptist University of the Americas,742599785,742599785
155070,Barclay College,480554341,480554341
189088,Bard College,141713034,141713034
167792,Bard College at Simon's Rock,141713034,141713034
189097,Barnard College,131628149,131628149
177719,Barnes-Jewish College Goldfarb School of Nursing,430652644,430652644
132471,Barry University,590624364,590624364
197911,Barton College,560529933,560529933
235547,Bastyr University,911036794,911036794
160977,Bates College,10211781,10211781
164632,Bay Path University,42103865,42103865
223232,Baylor University,741159753,741159753
476717,Be'er Yaakov Talmudic Seminary,131338360,131338360
384254,Beacon College,592961536,592961536
164720,Becker College,42108346,42108346
444413,Beis Medrash Heichal Dovid,113599905,113599905
175421,Belhaven University,640303069,640303069
156286,Bellarmine University,610482955,610482955
180814,Bellevue University,470491571,470491571
238324,Bellin College,391620530,391620530
197984,Belmont Abbey College,560547498,560547498
219709,Belmont University,620465076,620465076
238333,Beloit College,390808497,390808497
217721,Benedict College,570314365,570314365
154712,Benedictine College,480777079,480777079
145619,Benedictine University,362722198,362722198
165884,Benjamin Franklin Institute of Technology,42103576,42103576
197993,Bennett College,560532296,560532296
230816,Bennington College,30179414,30179414
164739,Bentley University,41081650,41081650
156295,Berea College,610444650,610444650
461643,Bergin University of Canine Studies,680259118,680259118
164748,Berklee College of Music,42300472,42300472
139144,Berry College,580566133,580566133
189273,Beth Hamedrash Shaarei Yosher Institute,116030154,116030154
189264,Beth Hatalmud Rabbinical College,111811853,111811853
183804,Beth Medrash Govoha,210634542,210634542
154721,Bethany College,480543734,480543734
237181,Bethany College,550356985,550356985
173142,Bethany Lutheran College,410747165,410747165
458113,Bethel College,541851377,541851377
150145,Bethel College-Indiana,350935587,350935587
154749,Bethel College-North Newton,480543782,480543782
219718,Bethel University,620548913,620548913
173160,Bethel University,410708577,410708577
110060,Bethesda University,953104298,953104298
132602,Bethune-Cookman University,590704726,590704726
139153,Beulah Heights University,586050244,586050244
110097,Biola University,950549600,950549600
100937,Birmingham Southern College,630708730,630708730
442949,Birthingway College of Midwifery,931226663,931226663
143288,Blackburn College,370661491,370661491
143297,Blessing Rieman College of Nursing,370661183,370661183
183822,Bloomfield College,221494428,221494428
175430,Blue Mountain College,640325640,640325640
231554,Bluefield College,540568200,540568200
201371,Bluffton University,344428207,344428207
142090,Boise Bible College,820309302,820309302
233356,Bon Secours Memorial College of Nursing,541744931,541744931
189413,Boricua College,510175975,510175975
164872,Boston Architectural College,42271070,42271070
164614,Boston Baptist College,42970445,42970445
164924,Boston College,42103545,42103545
164988,Boston University,42103547,42103547
161004,Bowdoin College,10215213,10215213
143358,Bradley University,370661494,370661494
165015,Brandeis University,42103552,42103552
262086,Brandman University,260152908,260152908
139199,Brenau University,580566143,580566143
156356,Brescia University,610660795,610660795
198066,Brevard College,560532297,560532297
139205,Brewton-Parker College,580619030,580619030
152992,Briar Cliff University,420707124,420707124
231581,Bridgewater College,540506306,540506306
230047,Brigham Young University-Hawaii,990083825,990083825
142522,Brigham Young University-Idaho,820207699,820207699
230038,Brigham Young University-Provo,870217280,870217280
217156,Brown University,50258809,50258809
180878,Bryan College of Health Sciences,470376552,470376552
219790,Bryan College-Dayton,620528217,620528217
217165,Bryant University,50258810,50258810
210492,Bryn Athyn College of the New Church,231433899,231433899
211273,Bryn Mawr College,231352621,231352621
211291,Bucknell University,240772407,240772407
153001,Buena Vista University,420680404,420680404
230825,Burlington College,30229504,30229504
150163,Butler University,350867974,350867974
198109,Cabarrus College of Health Sciences,566000156,566000156
211352,Cabrini College,231526668,231526668
215114,Cairn University-Langhorne,230973290,230973290
183910,Caldwell University,221500483,221500483
110361,California Baptist University,951890710,951890710
110918,California Christian College,941576850,941576850
110370,California College of the Arts,941156485,941156485
478634,California College San Diego,208091013,208091013
110316,California Institute of Integral Studies,942254303,942254303
110404,California Institute of Technology,951643307,951643307
111081,California Institute of the Arts,956102146,956102146
110413,California Lutheran University,952962604,952962604
460075,California University of Management and Sciences,330804576,330804576
150172,Calumet College of Saint Joseph,351087173,351087173
176789,Calvary Bible College and Theological Seminary,436052681,436052681
169080,Calvin College,383071514,383071514
165167,Cambridge College,510163080,510163080
198136,Campbell University,560529940,560529940
156365,Campbellsville University,610469267,610469267
189705,Canisius College,160743942,160743942
201548,Capital University,314379435,314379435
162061,Capitol Technology University,520805606,520805606
238430,Cardinal Stritch University,390806196,390806196
173258,Carleton College,410694747,410694747
132842,Carlos Albizu University-Miami,592060342,592060342
211431,Carlow University,250965438,250965438
211440,Carnegie Mellon University,250969449,250969449
199971,Carolina Christian College,566061483,566061483
461032,Carolina College of Biblical Studies,561388743,561388743
180106,Carroll College,810231774,810231774
238458,Carroll University,390806325,390806325
219806,Carson-Newman University,620479189,620479189
238476,Carthage College,370661496,370661496
139287,Carver Bible College,586002736,586002736
201645,Case Western Reserve University,341018992,341018992
198215,Catawba College,560530251,560530251
131283,Catholic University of America,530196583,530196583
189848,Cazenovia College,150543658,150543658
211468,Cedar Crest College,231365953,231365953
201654,Cedarville University,310536647,310536647
183974,Centenary College,221500484,221500484
158477,Centenary College of Louisiana,720408915,720408915
106713,Central Baptist College,710349638,710349638
154855,Central Christian College of Kansas,480577656,480577656
176910,Central Christian College of the Bible,430743910,430743910
153108,Central College,420680344,420680344
445267,Central Methodist University-College of Graduate and Extended Studies,430654854,430654854
176947,Central Methodist University-College of Liberal Arts and Sciences,430654854,430654854
189857,Central Yeshiva Tomchei Tmimim Lubavitz,111797166,111797166
156408,Centre College,610444671,610444671
141486,Chaminade University of Honolulu,990272261,990272261
230852,Champlain College,30220266,30220266
111948,Chapman University,951643992,951643992
111966,Charles R Drew University of Medicine and Science,956151774,956151774
217688,Charleston Southern University,570474291,570474291
444778,Charlotte Christian College and Theological Seminary,561995933,561995933
211556,Chatham University,250717890,250717890
211583,Chestnut Hill College,231352626,231352626
198303,Chowan University,560554199,560554199
219833,Christian Brothers University,620476666,620476666
260947,Christian Life College,362891909,362891909
201858,Cincinnati Christian University,310643552,310643552
201867,Cincinnati College of Mortuary Science,316064854,316064854
244233,City College-Fort Lauderdale,650000627,650000627
406547,City College-Gainesville,650000627,650000627
434539,City College-Miami,650000627,650000627
234915,City University of Seattle,237421224,237421224
457697,City Vision University,680492427,680492427
217873,Claflin University,570314374,570314374
112260,Claremont McKenna College,951664101,951664101
138947,Clark Atlanta University,581825259,581825259
165334,Clark University,42111203,42111203
153126,Clarke University,420680408,420680408
180832,Clarkson College,363649217,363649217
190044,Clarkson University,150543659,150543659
156417,Clear Creek Baptist Bible College,616002351,616002351
133085,Clearwater Christian College,591113963,591113963
169327,Cleary University,381393841,381393841
202046,Cleveland Institute of Art,340714334,340714334
202073,Cleveland Institute of Music,340714460,340714460
177038,Cleveland University-Kansas City,446000294,446000294
217891,Clinton College,570387830,570387830
153144,Coe College,420686467,420686467
217907,Coker College,570324916,570324916
161086,Colby College,10211497,10211497
182634,Colby-Sawyer College,20222120,20222120
112446,Coleman University,330419461,330419461
190099,Colgate University,150532078,150532078
169442,College for Creative Studies,382539067,382539067
388520,College of Biblical Studies-Houston,742016083,742016083
413617,College of Menominee Nation,391773613,391773613
193399,College of Mount Saint Vincent,131740445,131740445
167394,College of Our Lady of the Elms,42225850,42225850
174747,College of Saint Benedict,410969244,410969244
186618,College of Saint Elizabeth,221529785,221529785
181604,College of Saint Mary,470424785,470424785
231077,College of St Joseph,30213180,30213180
160959,College of the Atlantic,237032625,237032625
166124,College of the Holy Cross,42103558,42103558
178697,College of the Ozarks,440556862,440556862
451705,CollegeAmerica-Cheyenne,208091013,208091013
448752,CollegeAmerica-Colorado Springs,841225827,841225827
126872,CollegeAmerica-Denver,841225827,841225827
103945,CollegeAmerica-Flagstaff,526407167,526407167
474890,CollegeAmerica-Phoenix,841611427,841611427
126669,Colorado Christian University,840442429,840442429
126678,Colorado College,840402510,840402510
367839,Colorado Heights University,841123408,841123408
177065,Columbia College,430655867,430655867
217934,Columbia College,570324915,570324915
238573,Columbia College of Nursing,391596986,391596986
144281,Columbia College-Chicago,366112087,366112087
112570,Columbia College-Hollywood,952077629,952077629
217925,Columbia International University,570352247,570352247
190150,Columbia University in the City of New York,603800000,603800000
202170,Columbus College of Art and Design,310820394,310820394
459417,Compass College of Cinematic Arts,383336473,383336473
177083,Conception Seminary College,440547816,440547816
101073,Concordia College Alabama,630389941,630389941
173300,Concordia College at Moorhead,410693977,410693977
190248,Concordia College-New York,131740448,131740448
169363,Concordia University-Ann Arbor,381674800,381674800
144351,Concordia University-Chicago,362191242,362191242
112075,Concordia University-Irvine,952798775,952798775
180984,Concordia University-Nebraska,470378777,470378777
208488,Concordia University-Portland,933905163,933905163
173328,Concordia University-Saint Paul,410696906,410696906
224004,Concordia University-Texas,741161941,741161941
238616,Concordia University-Wisconsin,390833608,390833608
128902,Connecticut College,60646587,60646587
217961,Converse College,570314380,570314380
190372,Cooper Union for the Advancement of Science and Art,135562985,135562985
210331,Corban University,941312349,941312349
153162,Cornell College,420680335,420680335
190415,Cornell University,150532082,150532082
170037,Cornerstone University,381443369,381443369
235024,Cornish College of the Arts,910916534,910916534
177117,Cottey College,440545271,440545271
139393,Covenant College,430719506,430719506
176770,Cox College,144057718,144057718
181002,Creighton University,470376583,470376583
475608,Criswell College,756114836,756114836
439613,Crossroads Bible College,311048513,311048513
174206,Crossroads College,410789402,410789402
106810,Crowley's Ridge College,710462177,710462177
174862,Crown College,410693968,410693968
190503,Culinary Institute of America,60653264,60653264
177144,Culver-Stockton College,430610813,430610813
219949,Cumberland University,620599339,620599339
165529,Curry College,42199867,42199867
211893,Curtis Institute of Music,231585611,231585611
190716,D'Youville College,160743989,160743989
190725,Daemen College,160759798,160759798
219091,Dakota Wesleyan University,460224589,460224589
224226,Dallas Baptist University,756001300,756001300
224244,Dallas Christian College,751051193,751051193
182670,Dartmouth College,20222111,20222111
169479,Davenport University,381945965,381945965
198385,Davidson College,560529961,560529961
237358,Davis & Elkins College,550357021,550357021
194569,Davis College,156019050,156019050
165574,Dean College,42104149,42104149
202514,Defiance College,344430762,344430762
211981,Delaware Valley University,231352665,231352665
202523,Denison University,314379459,314379459
144740,DePaul University,362167048,362167048
150400,DePauw University,350869045,350869045
210739,DeSales University,231653718,231653718
212009,Dickinson College,231365954,231365954
158802,Dillard University,720408929,720408929
153241,Divine Word College,420788226,420788226
181020,Doane University-Arts & Sciences,470377991,470377991
448284,Doane University-Graduate and Professional Studies,470377991,470377991
190761,Dominican College of Blauvelt,131967322,131967322
148496,Dominican University,362167855,362167855
113698,Dominican University of California,941156525,941156525
155007,Donnelly College,480623882,480623882
153250,Dordt College,420772559,420772559
190770,Dowling College,112157078,112157078
153269,Drake University,41103730,41103730
184348,Drew University,221487164,221487164
212054,Drexel University,231352630,231352630
177214,Drury University,440552049,440552049
198419,Duke University,560532129,560532129
175227,Dunwoody College of Technology,410693856,410693856
212106,Duquesne University,251035663,251035663
150455,Earlham College,350868073,350868073
224527,East Texas Baptist University,750859801,750859801
144883,East-West University,391353508,391353508
232043,Eastern Mennonite University,540575812,540575812
165644,Eastern Nazarene College,42105777,42105777
212133,Eastern University,231409675,231409675
446233,Ecclesia College,710477536,710477536
133492,Eckerd College,590859121,590859121
238661,Edgewood College,390806202,390806202
133526,Edward Waters College,591146751,591146751
212197,Elizabethtown College,231352632,231352632
480134,Elizabethtown College School of Continuing and Professional Studies,231352632,231352632
144962,Elmhurst College,362169145,362169145
190983,Elmira College,160743996,160743996
198516,Elon University,560532303,560532303
133553,Embry-Riddle Aeronautical University-Daytona Beach,590936101,590936101
104586,Embry-Riddle Aeronautical University-Prescott,590936101,590936101
426314,Embry-Riddle Aeronautical University-Worldwide,590936101,590936101
165662,Emerson College,41286950,41286950
165671,Emmanuel College,42105769,42105769
139630,Emmanuel College,580633977,580633977
153302,Emmaus Bible College,362270695,362270695
232025,Emory & Henry College,540505892,540505892
139658,Emory University,580566256,580566256
165699,Endicott College,42103567,42103567
124487,Epic Bible College,592161558,592161558
217998,Erskine College,570314390,570314390
144971,Eureka College,370673484,370673484
177339,Evangel University,10402130,10402130
179070,Everest College-Springfield,330717311,330717311
260293,Everest University-Brandon,330717605,330717605
438902,Everest University-Jacksonville,330717605,330717605
367909,Everest University-Lakeland,330717605,330717605
137810,Everest University-Largo,330717605,330717605
420006,Everest University-Melbourne,330717605,330717605
136288,Everest University-North Orlando,330717605,330717605
445434,Everest University-Orange Park,330717605,330717605
134149,Everest University-Pompano Beach,330717605,330717605
390701,Everest University-South Orlando,330717605,330717605
137801,Everest University-Tampa,330717605,330717605
385619,Everglades University,591765552,591765552
196680,Excelsior College,141599643,141599643
129242,Fairfield University,60646623,60646623
184694,Fairleigh Dickinson University-College at Florham,221494434,221494434
184603,Fairleigh Dickinson University-Metropolitan Campus,221494434,221494434
153320,Faith Baptist Bible College and Theological Seminary,470394397,470394397
443049,Faith Evangelical College & Seminary,911559533,911559533
212452,Faith Theological Seminary,231416559,231416559
443058,Family of Faith College,731523469,731523469
101189,Faulkner University,630329409,630329409
184612,Felician University,221912028,221912028
232089,Ferrum College,540506457,540506457
172440,Finlandia University,381359570,381359570
165802,Fisher College,42005934,42005934
220181,Fisk University,620202000,620202000
133711,Flagler College-St Augustine,591157081,591157081
133809,Florida College,590737882,590737882
133881,Florida Institute of Technology,596046500,596046500
480569,Florida Institute of Technology-Online,596046500,596046500
133979,Florida Memorial University,590668483,590668483
134079,Florida Southern College,590624401,590624401
177418,Fontbonne University,430694556,430694556
191241,Fordham University,131740451,131740451
205957,Franciscan University of Steubenville,340714818,340714818
104665,Frank Lloyd Wright School of Architecture,860197576,860197576
212577,Franklin and Marshall College,231352635,231352635
150604,Franklin College,350868086,350868086
182795,Franklin Pierce University,20263136,20263136
202806,Franklin University,310707369,310707369
441982,Franklin W Olin College of Engineering,61519057,61519057
220215,Freed-Hardeman University,620518288,620518288
114813,Fresno Pacific University,941021164,941021164
155089,Friends University,480547702,480547702
218070,Furman University,570314395,570314395
131450,Gallaudet University,530199507,530199507
212601,Gannon University,250496976,250496976
198561,Gardner-Webb University,560529972,560529972
212656,Geneva College,250965376,250965376
208822,George Fox University,930386839,930386839
131469,George Washington University,530196584,530196584
156745,Georgetown College,610444695,610444695
131496,Georgetown University,530196603,530196603
461236,Georgia Christian University,582205600,582205600
184773,Georgian Court University,210634981,210634981
212674,Gettysburg College,231352641,231352641
230889,Goddard College,30179419,30179419
202903,Gods Bible School and College,310544271,310544271
115083,Golden Gate University-San Francisco,941585735,941585735
130989,Goldey-Beacom College,510109178,510109178
235316,Gonzaga University,910236600,910236600
202912,Good Samaritan College of Nursing and Health Science,311778403,311778403
129154,Goodwin College,61627882,61627882
165936,Gordon College,42104258,42104258
150668,Goshen College,352158366,352158366
162654,Goucher College,520591613,520591613
170000,Grace Bible College,381673400,381673400
150677,Grace College and Theological Seminary,350868095,350868095
461528,Grace College of Divinity,562195966,562195966
481058,Grace Mission University,954559065,954559065
481401,Grace School of Theology,760690847,760690847
181093,Grace University,470384159,470384159
153366,Graceland University-Lamoni,420707114,420707114
153375,Grand View University,420681049,420681049
212771,Gratz College,231352642,231352642
170091,Great Lakes Christian College,386080947,386080947
230898,Green Mountain College,30179299,30179299
198598,Greensboro College,560532144,560532144
145372,Greenville College,370681530,370681530
153384,Grinnell College,420680387,420680387
212805,Grove City College,251065148,251065148
198613,Guilford College,560529982,560529982
173647,Gustavus Adolphus College,410695524,410695524
212832,Gwynedd Mercy University,231352613,231352613
225201,Hallmark University,454620000,454620000
191515,Hamilton College,150532200,150532200
173665,Hamline University,410693960,410693960
232256,Hampden-Sydney College,540505906,540505906
166018,Hampshire College,46130872,46130872
232265,Hampton University,540505990,540505990
177542,Hannibal-LaGrange University,431007642,431007642
150756,Hanover College,350868096,350868096
225247,Hardin-Simmons University,750808791,750808791
107044,Harding University,710236896,710236896
446640,Harrisburg University of Science and Technology,251900793,251900793
191533,Hartwick College,150533561,150533561
166027,Harvard University,42103580,42103580
115409,Harvey Mudd College,951911219,951911219
181127,Hastings College,470376525,470376525
212911,Haverford College,236002304,236002304
141644,Hawaii Pacific University,990113930,990113930
166045,Hebrew College,42104300,42104300
145497,Hebrew Theological College,362167095,362167095
203085,Heidelberg University,344428219,344428219
191597,Helene Fuld College of Nursing,133705284,133705284
166054,Hellenic College-Holy Cross Greek Orthodox School of Theology,42218946,42218946
107080,Hendrix College,710236897,710236897
198677,Heritage Bible College,561212691,561212691
101453,Heritage Christian University,237013287,237013287
235422,Heritage University,911160585,911160585
198695,High Point University,560529999,560529999
191621,Hilbert College,166031585,166031585
207157,Hillsdale Free Will Baptist College,730774245,730774245
203128,Hiram College,340714670,340714670
220312,Hiwassee College,620511454,620511454
191630,Hobart William Smith Colleges,160743040,160743040
134510,Hobe Sound Bible College,591407629,591407629
367884,Hodges University,596605703,596605703
191649,Hofstra University,111630906,111630906
232308,Hollins University,540506314,540506314
129534,Holy Apostles College and Seminary,61149131,61149131
150774,Holy Cross College,351148835,351148835
212984,Holy Family University,231501197,231501197
115728,Holy Names University,941358307,941358307
162760,Hood College,520591608,520591608
170301,Hope College,381381271,381381271
120537,Hope International University,951916051,951916051
457226,Horizon University,261901554,261901554
191676,Houghton College,160743045,160743045
225399,Houston Baptist University,741400699,741400699
225548,Howard Payne University,750800653,750800653
131520,Howard University,530204707,530204707
115773,Humphreys College-Stockton and Modesto Campuses,941196198,941196198
101435,Huntingdon College,630288841,630288841
150941,Huntington University,350868101,350868101
449348,Huntsville Bible College,631191637,631191637
161165,Husson University,10271210,10271210
225575,Huston-Tillotson University,741180151,741180151
145691,Illinois College,370661211,370661211
145725,Illinois Institute of Technology,362170136,362170136
145646,Illinois Wesleyan University,370662594,370662594
213011,Immaculata University,231352648,231352648
465812,Independence University,562363990,562363990
151290,Indiana Institute of Technology,350845258,350845258
151801,Indiana Wesleyan University-Marion,350885591,350885591
436614,International Baptist College and Seminary,860257221,860257221
191931,Iona College,133508093,133508093
153621,Iowa Wesleyan University,420680332,420680332
191968,Ithaca College,150532204,150532204
134945,Jacksonville University,590624412,590624412
225885,Jarvis Christian College,750995027,750995027
231837,Jefferson College of Health Sciences,540506332,540506332
192040,Jewish Theological Seminary of America,130887640,130887640
107141,John Brown University,710239576,710239576
203368,John Carroll University,340714681,340714681
116712,John F. Kennedy University,941610694,941610694
462354,John Paul the Great Catholic University,200471061,200471061
162928,Johns Hopkins University,520595110,520595110
445708,Johnson & Wales University-Charlotte,50306206,50306206
439288,Johnson & Wales University-Denver,50306206,50306206
414823,Johnson & Wales University-North Miami,50306206,50306206
460349,Johnson & Wales University-Online,50306206,50306206
217235,Johnson & Wales University-Providence,50306206,50306206
198756,Johnson C Smith University,250983069,250983069
220473,Johnson University,626001104,626001104
132879,Johnson University Florida,510173775,510173775
135063,Jones College-Jacksonville,590587238,590587238
101541,Judson College,630288850,630288850
146339,Judson University,362515868,362515868
213251,Juniata College,231352652,231352652
170532,Kalamazoo College,381358014,381358014
177746,Kansas City Art Institute,440546278,440546278
155414,Kansas Wesleyan University,480543729,480543729
192165,Kehilath Yakov Rabbinical Seminary,113073915,113073915
135081,Keiser University-Ft Lauderdale,591829662,591829662
177816,Kenrick Glennon Seminary,430653244,430653244
157100,Kentucky Christian University,610510937,610510937
157030,Kentucky Mountain Bible College,611103422,611103422
157076,Kentucky Wesleyan College,610466713,610466713
203535,Kenyon College,314379507,314379507
203544,Kettering College,310621866,310621866
169983,Kettering University,382410852,382410852
192192,Keuka College,160743063,160743063
213303,Keystone College,240795441,240795441
220516,King University,581363100,581363100
213321,King's College,240804602,240804602
146427,Knox College,370673513,370673513
171881,Kuyper College,381368367,381368367
213358,La Roche College,251125048,251125048
213367,La Salle University,231352654,231352654
117627,La Sierra University,330413730,330413730
165264,Laboure College,42134818,42134818
213385,Lafayette College,240795686,240795686
140234,LaGrange College,580566199,580566199
117168,Laguna College of Art and Design,952415066,952415066
203580,Lake Erie College,340733165,340733165
146481,Lake Forest College,362167770,362167770
238980,Lakeland College,390821861,390821861
146533,Lakeview College of Nursing,370692975,370692975
213400,Lancaster Bible College,231484178,231484178
247649,Landmark College,222586208,222586208
220598,Lane College,620570060,620570060
166391,Lasell College,42103585,42103585
198747,Laurel University,560650621,560650621
170675,Lawrence Technological University,381369604,381369604
239017,Lawrence University,390806297,390806297
192323,Le Moyne College,150545841,150545841
220604,Le Moyne-Owen College,620475690,620475690
213507,Lebanon Valley College,231352354,231352354
220613,Lee University,620502739,620502739
198808,Lees-McRae College,560529953,560529953
213543,Lehigh University,240795445,240795445
198835,Lenoir-Rhyne University,560556753,560556753
166452,Lesley University,42103589,42103589
226231,LeTourneau University,751081109,751081109
209056,Lewis & Clark College,930386858,930386858
146612,Lewis University,362167773,362167773
232557,Liberty University,540946734,540946734
117104,Life Pacific College,951684068,951684068
140252,Life University,581216007,581216007
218238,Limestone College,570314402,570314402
146667,Lincoln Christian University,370711798,370711798
146676,Lincoln College,370661227,370661227
220631,Lincoln Memorial University,620479542,620479542
117557,Lincoln University,941347042,941347042
177968,Lindenwood University,430652649,430652649
157216,Lindsey Wilson College,610444763,610444763
209065,Linfield College-McMinnville Campus,930391586,930391586
437325,Linfield College-Online and Continuing Education,930391586,930391586
437316,Linfield College-School of Nursing,930391586,930391586
219976,Lipscomb University,620485733,620485733
192563,LIU Brentwood,111633516,111633516
192439,LIU Brooklyn,111633516,111633516
192448,LIU Post,111633516,111633516
450766,LIU Riverhead,111633516,111633516
198862,Livingstone College,560603922,560603922
177986,Logan University,430746185,430746185
117636,Loma Linda University,931221825,931221825
153825,Loras College,420680412,420680412
159568,Louisiana College,720467515,720467515
203757,Lourdes University,341226547,341226547
117946,Loyola Marymount University,951643334,951643334
146719,Loyola University Chicago,361408475,361408475
163046,Loyola University Maryland,520591623,520591623
159656,Loyola University New Orleans,720408946,720408946
226383,Lubbock Christian University,750950119,750950119
153834,Luther College,420680466,420680466
135364,Luther Rice University & Seminary,591197022,591197022
213668,Lycoming College,240795965,240795965
129686,Lyme Academy College of Fine Arts,60942210,60942210
232609,Lynchburg College,540505922,540505922
132657,Lynn University,591023117,591023117
106342,Lyon College,710246213,710246213
173902,Macalester College,410693962,410693962
192624,Machzikei Hadath Rabbinical College,237441325,237441325
146825,MacMurray College,370661217,370661217
170806,Madonna University,381498763,381498763
153861,Maharishi University of Management,421315493,421315493
161509,Maine College of Art,10378758,10378758
203775,Malone University,340737794,340737794
151777,Manchester University,380868127,380868127
155496,Manhattan Christian College,480559090,480559090
192703,Manhattan College,131740468,131740468
192712,Manhattan School of Music,131656667,131656667
192749,Manhattanville College,131740469,131740469
480754,Manthano Christian College,452905252,452905252
446394,Maple Springs Baptist Bible College and Seminary,521501741,521501741
239071,Maranatha Baptist University,391097032,391097032
192785,Maria College of Albany,141463151,141463151
166601,Marian Court College,42325504,42325504
151786,Marian University,350868175,350868175
239080,Marian University,391024723,391024723
203845,Marietta College,314379584,314379584
192819,Marist College,141442493,141442493
230940,Marlboro College,30179593,30179593
440411,Marlboro College Graduate & Professional Studies,30179593,30179593
239105,Marquette University,390806251,390806251
198899,Mars Hill University,560554207,560554207
173452,Martin Luther College,410695520,410695520
220701,Martin Methodist College,620483210,620483210
151810,Martin University,310970262,310970262
232672,Mary Baldwin College,540506319,540506319
170842,Marygrove College,381358399,381358399
163295,Maryland Institute College of Art,520591661,520591661
209108,Marylhurst University,930634049,930634049
118541,Marymount California University,952113260,952113260
192864,Marymount Manhattan College,131628206,131628206
232706,Marymount University,540573801,540573801
220710,Maryville College,620475691,620475691
178059,Maryville University of Saint Louis,430653369,430653369
213826,Marywood University,240795453,240795453
166683,Massachusetts Institute of Technology,42103594,42103594
164270,McDaniel College,520591694,520591694
147013,McKendree University,370661219,370661219
226587,McMurry University,750855633,750855633
155511,McPherson College,480543736,480543736
166656,MCPHS University,42104700,42104700
192925,Medaille College,160805158,160805158
220808,Memphis College of Art,620544854,620544854
118693,Menlo College,943204136,943204136
140447,Mercer University,580566167,580566167
193016,Mercy College,131967321,131967321
153977,Mercy College of Health Sciences,421511682,421511682
203960,Mercy College of Ohio,341726619,341726619
213987,Mercyhurst University,250965430,250965430
198950,Meredith College,560530242,560530242
166850,Merrimack College,42013731,42013731
461847,Mesivta Keser Torah,222892708,222892708
193061,Mesivta of Eastern Parkway-Yeshiva Zichron Meilech,112620793,112620793
193052,Mesivta Torah Vodaath Rabbinical Seminary,111633531,111633531
193070,Mesivtha Tifereth Jerusalem of America,135600419,135600419
417752,Messenger College,431633187,431633187
213996,Messiah College,231352661,231352661
147129,Methodist College,370661223,370661223
198969,Methodist University,560657294,560657294
190114,Metropolitan College of New York,136192377,136192377
166869,MGH Institute of Health Professions,42868893,42868893
434414,Michigan Jewish Institute,382395931,382395931
245953,Mid-America Christian University,741196134,741196134
151962,Mid-America College of Funeral Service,751320711,751320711
199458,Mid-Atlantic Christian University,561065978,561065978
481225,Mid-South Christian College,510205293,510205293
155520,MidAmerica Nazarene University,480730814,480730814
230959,Middlebury College,30179298,30179298
119058,Middlebury Institute of International Studies at Monterey,941425570,941425570
181330,Midland University,470376551,470376551
157377,Midway University,610444708,610444708
178208,Midwestern Baptist Theological Seminary,440618839,440618839
480985,Midwives College of Utah,841398694,841398694
101675,Miles College,630400608,630400608
221014,Milligan College,620535755,620535755
147244,Millikin University,370706154,370706154
118888,Mills College,941156566,941156566
175980,Millsaps College,640303084,640303084
239309,Milwaukee Institute of Art & Design,391201561,391201561
239318,Milwaukee School of Engineering,390477970,390477970
174127,Minneapolis College of Art and Design,411607453,411607453
193247,Mirrer Yeshiva Cent Institute,111782116,111782116
214069,Misericordia University,240795406,240795406
176053,Mississippi College,640303086,640303086
178244,Missouri Baptist University,430817015,430817015
178369,Missouri Valley College,440545286,440545286
129774,Mitchell College,60662150,60662150
193292,Molloy College,111797182,111797182
147341,Monmouth College,370661228,370661228
185572,Monmouth University,210634584,210634584
262165,Montana Bible College,810444020,810444020
199032,Montreat College,560543261,560543261
166911,Montserrat College of Art,521859814,521859814
147369,Moody Bible Institute,362167792,362167792
214148,Moore College of Art and Design,231352236,231352236
214157,Moravian College,240795460,240795460
140553,Morehouse College,50566205,50566205
154004,Morningside College,420680400,420680400
218399,Morris College,576000734,576000734
214166,Mount Aloysius College,251114320,251114320
209241,Mount Angel Seminary,930386869,930386869
204176,Mount Carmel College of Nursing,311308555,311308555
166939,Mount Holyoke College,42103578,42103578
166948,Mount Ida College,42104736,42104736
219198,Mount Marty College,460283336,460283336
239390,Mount Mary University,390806154,390806154
154013,Mount Mercy University,420681046,420681046
204200,Mount Saint Joseph University,237179567,237179567
193353,Mount Saint Mary College,141468399,141468399
119173,Mount Saint Mary's University,951641455,951641455
163462,Mount St Mary's University,520591672,520591672
204194,Mount Vernon Nazarene University,310725957,310725957
214175,Muhlenberg College,231352664,231352664
209287,Multnomah University,930398802,930398802
204264,Muskingum University,314379515,314379515
127653,Naropa University,841029228,841029228
441478,National Graduate School of Quality Management,43250289,43250289
147536,National Louis University,362167804,362167804
119605,National University,237172306,237172306
147590,National University of Health Sciences,361521940,361521940
127714,Nazarene Bible College,840576430,840576430
193584,Nazareth College,160743088,160743088
181376,Nebraska Christian College,470489031,470489031
181297,Nebraska Methodist College of Nursing & Allied Health,470724387,470724387
181446,Nebraska Wesleyan University,470376524,470376524
163532,Ner Israel Rabbinical College,520660881,520660881
214272,Neumann University,231657958,231657958
182980,New England College,20223955,20223955
217305,New England Institute of Technology,50312747,50312747
373827,New England School of Communications,43349703,43349703
430810,New Hampshire Institute of Art,20222154,20222154
208725,New Hope Christian College-Eugene,936002614,936002614
159948,New Orleans Baptist Theological Seminary,720494592,720494592
440396,New Saint Andrews College,820536794,820536794
418126,New York College of Health Professions,112705352,112705352
194091,New York Institute of Technology,111788788,111788788
194116,New York School of Interior Design,131662715,131662715
193900,New York University,135562308,135562308
218414,Newberry College,570314404,570314404
167251,Newbury College,42452884,42452884
155335,Newman University,480556716,480556716
193973,Niagara University,160755807,160755807
167260,Nichols College,42104778,42104778
461795,North American University,208825983,208825983
199209,North Carolina Wesleyan College,560686603,560686603
147660,North Central College,362169157,362169157
174437,North Central University,410706151,410706151
218441,North Greenville University,570314406,570314406
147679,North Park University,361557840,361557840
167358,Northeastern University,41679980,41679980
482705,Northeastern University Global Network,41679980,41679980
239512,Northland College,390806428,390806428
239503,Northland International University,390977529,390977529
217606,Northpoint Bible College,56015988,56015988
209409,Northwest Christian University,930433696,930433696
142461,Northwest Nazarene University,820200907,820200907
236133,Northwest University,910615846,910615846
154101,Northwestern College,420698196,420698196
174507,Northwestern Health Sciences University,410684657,410684657
120166,Northwestern Polytechnic University,942933165,942933165
147767,Northwestern University,362167817,362167817
136206,Northwood University-Florida,381624684,381624684
171492,Northwood University-Michigan,381624684,381624684
227243,Northwood University-Texas,381624684,381624684
230995,Norwich University,30179424,30179424
204468,Notre Dame College,340714689,340714689
120184,Notre Dame de Namur University,941156646,941156646
163578,Notre Dame of Maryland University,520591641,520591641
136215,Nova Southeastern University,591083502,591083502
194161,Nyack College,131740285,131740285
221254,O'More College of Design,620814498,620814498
174525,Oak Hills Christian College,470795255,470795255
152099,Oakland City University,12345678,12345678
101912,Oakwood University,630366652,630366652
204501,Oberlin College,340714363,340714363
120254,Occidental College,951667177,951667177
140696,Oglethorpe University,580568698,580568698
201964,Ohio Christian University,310971599,310971599
204617,Ohio Dominican University,314379560,314379560
206002,Ohio Mid-Western College,452706968,452706968
204635,Ohio Northern University,344429091,344429091
237640,Ohio Valley University,550419865,550419865
204909,Ohio Wesleyan University,314379585,314379585
194189,Ohr Hameir Theological Seminary,132739192,132739192
207403,Oklahoma Baptist University,730579264,730579264
207324,Oklahoma Christian University,730555460,730555460
207458,Oklahoma City University,730579265,730579265
206835,Oklahoma Wesleyan University,736085616,736085616
171599,Olivet College,381459365,381459365
147828,Olivet Nazarene University,362191252,362191252
207582,Oral Roberts University,730739626,730739626
209533,Oregon College of Art and Craft,930391547,930391547
120403,Otis College of Art and Design,132981115,132981115
442897,Ottawa University-Jeffersonville,480543772,480543772
155636,Ottawa University-Kansas City,480543772,480543772
428259,Ottawa University-Milwaukee,480543772,480543772
454582,Ottawa University-Online,480543772,480543772
155627,Ottawa University-Ottawa,480543772,480543772
105367,Ottawa University-Phoenix,480543772,480543772
204936,Otterbein University,314379532,314379532
107512,Ouachita Baptist University,710239383,710239383
160074,Our Lady of the Lake College,721173156,721173156
227331,Our Lady of the Lake University,741109631,741109631
178679,Ozark Christian College,446005108,446005108
194310,Pace University-New York,135562314,135562314
236230,Pacific Lutheran University,910565571,910565571
209603,Pacific Northwest College of Art,931139187,931139187
120768,Pacific Oaks College,951716809,951716809
457484,Pacific Rim Christian University,936002614,936002614
120838,Pacific States University,951744370,951744370
120865,Pacific Union College,941279798,941279798
209612,Pacific University,930386892,930386892
140720,Paine College,237434499,237434499
136330,Palm Beach Atlantic University,591092732,591092732
154174,Palmer College of Chiropractic,426081293,426081293
120698,Palo Alto University,942340692,942340692
178721,Park University,440562048,440562048
243823,Parker University,751596658,751596658
227429,Paul Quinn College,741238438,741238438
194392,Paul Smiths College of Arts and Science,150533545,150533545
214883,Peirce College,231627436,231627436
214971,Pennsylvania Academy of the Fine Arts,231352256,231352256
215053,Pennsylvania College of Art and Design,232215278,232215278
442356,Pennsylvania College of Health Sciences,61645496,61645496
121150,Pepperdine University,951644037,951644037
199306,Pfeiffer University,560529990,560529990
215099,Philadelphia University,231352294,231352294
107600,Philander Smith College,710239729,710239729
140818,Piedmont College,580566212,580566212
199315,Piedmont International University,560594591,560594591
440794,Pillar College,237075340,237075340
167455,Pine Manor College,42321292,42321292
121257,Pitzer College,952261113,952261113
121309,Point Loma Nazarene University,951644035,951644035
215442,Point Park University,251094922,251094922
138868,Point University,586044761,586044761
456481,Polytechnic University of Puerto Rico-Miami,660362666,660362666
456490,Polytechnic University of Puerto Rico-Orlando,660362666,660362666
121345,Pomona College,951664112,951664112
205027,Pontifical College Josephinum,314379535,314379535
194578,Pratt Institute-Main,111630822,111630822
218539,Presbyterian College,570314408,570314408
105589,Prescott College,860294012,860294012
219295,Presentation College,460280847,460280847
186131,Princeton University,210634501,210634501
148016,Principia College,430652667,430652667
455770,Providence Christian College,830340684,830340684
217402,Providence College,50258932,50258932
199412,Queens University of Charlotte,560530003,560530003
148131,Quincy University,370661231,370661231
130226,Quinnipiac University,60646701,60646701
384421,Rabbi Jacob Joseph School,135562257,135562257
194657,Rabbinical Academy Mesivta Rabbi Chaim Berlin,112145827,112145827
194693,Rabbinical College Beth Shraga,131930056,131930056
194666,Rabbinical College Bobover Yeshiva Bnei Zion,112202774,112202774
186186,Rabbinical College of America,226017975,226017975
194675,Rabbinical College of Ch'san Sofer New York,135616535,135616535
194736,Rabbinical College of Long Island,112248986,112248986
405854,Rabbinical College of Ohr Shimon Yisroel,113203397,113203397
205124,Rabbinical College Telshe,340801310,340801310
194763,Rabbinical Seminary of America,111752021,111752021
233301,Randolph College,540505941,540505941
233295,Randolph-Macon College,540505940,540505940
178891,Ranken Technical College,430471057,430471057
209922,Reed College,930386908,930386908
231651,Regent University,541061178,541061178
167598,Regis College,42104451,42104451
127918,Regis University,840402707,840402707
140872,Reinhardt University,580603153,580603153
457183,Remington College of Nursing Orlando,273339369,273339369
223463,Remington College-Dallas Campus,273339369,273339369
460783,Remington College-Heathrow Campus,273339369,273339369
372958,Remington College-Honolulu Campus,273339369,273339369
412599,Remington College-Memphis Campus,273339369,273339369
135939,Remington College-Tampa Campus,273339369,273339369
194824,Rensselaer Polytechnic Institute,141340095,141340095
149763,Resurrection University,362182170,362182170
217493,Rhode Island School of Design,50258956,50258956
221351,Rhodes College,620476301,620476301
227757,Rice University,741109620,741109620
186283,Rider University,210650678,210650678
136774,Ringling College of Art and Design,590637903,590637903
475185,Rio Grande Bible Institute,746066216,746066216
239628,Ripon College,390826049,390826049
183211,Rivier University,20223339,20223339
233426,Roanoke College,540505945,540505945
215655,Robert Morris University,251120678,251120678
148335,Robert Morris University Illinois,370864020,370864020
194958,Roberts Wesleyan College,116074341,116074341
170967,Rochester College,381619831,381619831
195003,Rochester Institute of Technology,160743140,160743140
148405,Rockford University,362167842,362167842
179043,Rockhurst University,440545813,440545813
180595,Rocky Mountain College,810235407,810235407
217518,Roger Williams University,50277222,50277222
136950,Rollins College,590624440,590624440
148487,Roosevelt University,362167854,362167854
152318,Rose-Hulman Institute of Technology,350868149,350868149
445735,Roseman University of Health Sciences,880435559,880435559
215691,Rosemont College,231365966,231365966
148511,Rush University,362174823,362174823
176318,Rust College,604303805,604303805
172033,Sacred Heart Major Seminary,381358214,381358214
130253,Sacred Heart University,60776644,60776644
154235,Saint Ambrose University,420703280,420703280
183239,Saint Anselm College,20222182,20222182
149028,Saint Anthony College of Nursing,362167864,362167864
148876,Saint Augustine College,363108821,363108821
199582,Saint Augustine's University,560547478,560547478
157632,Saint Catharine College,611340920,611340920
216047,Saint Charles Borromeo Seminary-Overbrook,231370450,231370450
227845,Saint Edward's University,741109641,741109641
148575,Saint Francis Medical Center College of Nursing,370662569,370662569
215743,Saint Francis University,251024358,251024358
195720,Saint John Fisher College,160746864,160746864
137272,Saint John Vianney College Seminary,590936099,590936099
167677,Saint John's Seminary,42104873,42104873
174792,Saint Johns University,410693973,410693973
160409,Saint Joseph Seminary College,720439000,720439000
161518,Saint Joseph's College of Maine,10212542,10212542
195544,Saint Joseph's College-New York,111733439,111733439
215770,Saint Joseph's University,231352674,231352674
152363,Saint Josephs College,350868152,350868152
137032,Saint Leo University,591237047,591237047
179256,Saint Louis Christian College,430764111,430764111
179159,Saint Louis University,430654872,430654872
179450,Saint Luke's College of Health Sciences,440545297,440545297
236452,Saint Martin's University,910564993,910564993
152390,Saint Mary's College,350868158,350868158
123554,Saint Mary's College of California,941156599,941156599
174817,Saint Mary's University of Minnesota,410695527,410695527
152381,Saint Mary-of-the-Woods College,351065063,351065063
231059,Saint Michael's College,30179403,30179403
239716,Saint Norbert College,391399196,391399196
186432,Saint Peter's University,221508627,221508627
215798,Saint Vincent College,250964126,250964126
148627,Saint Xavier University,362177133,362177133
199607,Salem College,560530005,560530005
180647,Salish Kootenai College,810378823,810378823
217536,Salve Regina University,50259080,50259080
102049,Samford University,630312914,630312914
122296,Samuel Merritt University,942992642,942992642
112084,San Diego Christian College,952668328,952668328
122454,San Francisco Art Institute,941196211,941196211
122506,San Francisco Conservatory of Music,941156610,941156610
122931,Santa Clara University,941156697,941156697
195304,Sarah Lawrence College,237223216,237223216
140951,Savannah College of Art and Design,581357177,581357177
143048,School of the Art Institute of Chicago,362167725,362167725
166984,School of the Museum of Fine Arts-Boston,42103607,42103607
228042,Schreiner University,741193459,741193459
123165,Scripps College,951664123,951664123
236577,Seattle Pacific University,910565553,910565553
236595,Seattle University,910565006,910565006
102058,Selma University,630367461,630367461
232885,Sentara College of Health Sciences,541547408,541547408
186584,Seton Hall University,221500645,221500645
215947,Seton Hill University,250965557,250965557
221519,Sewanee-The University of the South,620475697,620475697
195438,Sh'or Yoshuv Rabbinical College,112145464,112145464
123280,Shasta Bible College and Graduate School,942245517,942245517
199643,Shaw University,560530235,560530235
233541,Shenandoah University,540525605,540525605
480499,Shiloh University,205795380,205795380
148849,Shimer College,362167921,362167921
140988,Shorter University,580593431,580593431
448309,Shorter University-College of Adult & Professional Programs,580593431,580593431
195474,Siena College,141338498,141338498
172264,Siena Heights University,381366958,381366958
182458,Sierra Nevada College,880121831,880121831
239743,Silver Lake College of the Holy Family,390980974,390980974
167783,Simmons College,42103629,42103629
461759,Simmons College of Kentucky,205289168,205289168
154350,Simpson College,420680389,420680389
123457,Simpson University,941339635,941339635
219374,Sinte Gleska University,460312209,460312209
195526,Skidmore College,141338562,141338562
167835,Smith College,41843040,41843040
163921,Sojourner-Douglass College,920954654,920954654
399911,Soka University of America,953909672,953909672
123633,South Baylo University,953538772,953538772
366003,South Florida Bible College and Theological Seminary,592170711,592170711
176336,Southeastern Baptist College,640364542,640364542
199759,Southeastern Baptist Theological Seminary,560649251,560649251
102261,Southeastern Bible College,630338081,630338081
137564,Southeastern University,590722789,590722789
221661,Southern Adventist University,620536733,620536733
123952,Southern California Institute of Architecture,952789388,952789388
117575,Southern California Seminary,952111210,952111210
228246,Southern Methodist University,750800689,750800689
206862,Southern Nazarene University,730587210,730587210
183026,Southern New Hampshire University,20274509,20274509
231086,Southern Vermont College,30214106,30214106
233611,Southern Virginia University,540646523,540646523
217776,Southern Wesleyan University,570324936,570324936
179326,Southwest Baptist University,440567385,440567385
228468,Southwestern Adventist University,750891465,750891465
228325,Southwestern Assemblies of God University,750891463,750891463
228486,Southwestern Christian College,750891464,750891464
207856,Southwestern Christian University,730599209,730599209
155900,Southwestern College,480543715,480543715
228343,Southwestern University,741233796,741233796
157757,Spalding University,610444780,610444780
141060,Spelman College,580566243,580566243
172334,Spring Arbor University,381359569,381359569
102234,Spring Hill College,630302179,630302179
167899,Springfield College,42104329,42104329
475273,Springfield College-School of Professional and Continuing Studies,42104329,42104329
199698,St Andrews University,560530240,560530240
195164,St Bonaventure University,160743150,160743150
175005,St Catherine University,410695509,410695509
195173,St Francis College,111635105,111635105
163976,St John's College,520591421,520591421
195809,St John's University-New York,111630830,111630830
195216,St Lawrence University,150532239,150532239
154262,St Luke's College,420925159,420925159
228149,St Mary's University,741143128,741143128
174844,St Olaf College,410693979,410693979
137476,St Thomas University,590949880,590949880
130448,St Vincent's College,61331677,61331677
207689,St. Gregory's University,731685198,731685198
245652,St. John's College,850162247,850162247
148593,St. John's College-Department of Nursing,370661238,370661238
195243,St. Thomas Aquinas College,132513162,132513162
243744,Stanford University,941156365,941156365
179548,Stephens College,430670936,430670936
231095,Sterling College,30197728,30197728
155937,Sterling College,480543728,480543728
137546,Stetson University,590624416,590624416
186867,Stevens Institute of Technology,22148735,22148735
474906,Stevens-Henager College,870500238,870500238
477950,Stevens-Henager College,870500238,870500238
438151,Stevens-Henager College,870500238,870500238
446677,Stevens-Henager College,870500238,870500238
230630,Stevens-Henager College,870500238,870500238
460899,Stevens-Henager College,870500238,870500238
230621,Stevens-Henager College,251482719,251482719
164173,Stevenson University,520705392,520705392
102270,Stillman College,630315935,630315935
167996,Stonehill College,43092393,43092393
168005,Suffolk University,42133255,42133255
447953,SUM Bible College and Theological Seminary,721226741,721226741
181543,Summit Christian College,476025325,476025325
211024,Summit University of Pennsylvania,150543962,150543962
216278,Susquehanna University,231353385,231353385
216287,Swarthmore College,231352683,231352683
233718,Sweet Briar College,541534105,541534105
196413,Syracuse University,150532081,150532081
155973,Tabor College,480556726,480556726
102298,Talladega College,630288870,630288870
137777,Talmudic College of Florida,591571122,591571122
186900,Talmudical Academy-New Jersey,237125575,237125575
196440,Talmudical Institute of Upstate New York,161032869,161032869
451404,Talmudical Seminary of Bobov,383726543,383726543
196431,Talmudical Seminary Oholei Torah,119829924,119829924
216311,Talmudical Yeshiva of Philadelphia,231476335,231476335
152530,Taylor University,350868181,350868181
149329,Telshe Yeshiva-Chicago,362464241,362464241
221856,Tennessee Temple University,620548919,620548919
221731,Tennessee Wesleyan College,620476661,620476661
228875,Texas Christian University,750827465,750827465
228884,Texas College,750917417,750917417
228981,Texas Lutheran University,741109748,741109748
229160,Texas Wesleyan University,750800691,750800691
132408,The Baptist College of Florida,590799893,590799893
164933,The Boston Conservatory,42126597,42126597
201821,The Christ College of Nursing and Health Sciences,203823825,203823825
142294,The College of Idaho,820200906,820200906
193645,The College of New Rochelle,131740447,131740447
195234,The College of Saint Rose,141338371,141338371
174899,The College of Saint Scholastica,410698301,410698301
206589,The College of Wooster,340714654,340714654
192110,The Juilliard School,131624067,131624067
439701,The King's University,954663290,954663290
454184,The King??s College,131810448,131810448
117751,The Master's College and Seminary,956001907,956001907
167057,The New England Conservatory of Music,237225104,237225104
193654,The New School,133297197,133297197
448804,The Robert B Miller College,383589120,383589120
195128,The Sage Colleges,141338488,141338488
157748,The Southern Baptist Theological Seminary,610500919,610500919
475237,The University of America,261928365,261928365
202763,The University of Findlay,344431169,344431169
137847,The University of Tampa,590624459,590624459
215105,The University of the Arts,231639911,231639911
216357,Thiel College,250965576,250965576
124292,Thomas Aquinas College,941698615,941698615
161563,Thomas College,10263385,10263385
216366,Thomas Jefferson University,231352651,231352651
157809,Thomas More College,610448560,610448560
183275,Thomas More College of Liberal Arts,20344073,20344073
141167,Thomas University,580644897,580644897
206048,Tiffin University,344427516,344427516
141185,Toccoa Falls College,580685908,580685908
196583,Torah Temimah Talmudical Seminary,112127174,112127174
176406,Tougaloo College,640303093,640303093
196592,Touro College,132676570,132676570
459824,Touro University Nevada,200363127,200363127
459727,Touro University Worldwide,133838740,133838740
157818,Transylvania University,610444825,610444825
221892,Trevecca Nazarene University,620497990,620497990
206154,Tri-State Bible College,310792741,310792741
152567,Trine University,350715530,350715530
414878,Trine University-Regional/Non-Traditional Campuses,350715530,350715530
137953,Trinity Baptist College,412270181,412270181
200484,Trinity Bible College,450306841,450306841
149505,Trinity Christian College,362387148,362387148
130590,Trinity College,60646927,60646927
137962,Trinity College of Florida,596155069,596155069
146755,Trinity College of Nursing & Health Sciences,362739299,362739299
135610,Trinity International University-Florida,362216176,362216176
149514,Trinity International University-Illinois,362216176,362216176
235769,Trinity Lutheran College,910654200,910654200
229267,Trinity University,741109633,741109633
131876,Trinity Washington University,530196640,530196640
196653,Trocaire College,160909446,160909446
141237,Truett-McConnell College,154900079,154900079
168148,Tufts University,42103634,42103634
160755,Tulane University of Louisiana,720423889,720423889
200527,Turtle Mountain Community College,450323401,450323401
221953,Tusculum College,620484185,620484185
102377,Tuskegee University,630288878,630288878
246789,Unification Theological Seminary,141569152,141569152
196866,Union College,141338580,141338580
181738,Union College,470405319,470405319
157863,Union College,610461768,610461768
206279,Union Institute & University,310747997,310747997
221971,Union University,620516509,620516509
102395,United States Sports Academy,630771624,630771624
197018,United Talmudical Seminary,113279978,113279978
200554,United Tribes Technical College,450314233,450314233
161572,Unity College,10275130,10275130
128744,University of Bridgeport,60646936,60646936
237312,University of Charleston,550357039,550357039
144050,University of Chicago,362177139,362177139
224323,University of Dallas,750926755,750926755
202480,University of Dayton,310536715,310536715
127060,University of Denver,840404231,840404231
169716,University of Detroit Mercy,381360586,381360586
153278,University of Dubuque,420680323,420680323
150534,University of Evansville,350868074,350868074
457402,University of Fort Lauderdale,650683159,650683159
180258,University of Great Falls,810231777,810231777
129525,University of Hartford,60731360,60731360
160065,University of Holy Cross,720642832,720642832
151263,University of Indianapolis,350868107,350868107
200156,University of Jamestown,450231180,450231180
117140,University of La Verne,951644026,951644026
200217,University of Mary,450273403,450273403
226471,University of Mary Hardin-Baylor,741191640,741191640
135726,University of Miami,590624458,590624458
101693,University of Mobile,630417508,630417508
199069,University of Mount Olive,560623936,560623936
204185,University of Mount Union,340714687,340714687
161457,University of New England,10211810,10211810
129941,University of New Haven,60761704,60761704
204486,University of Northwestern Ohio,341695897,341695897
174491,University of Northwestern-St Paul,410711610,410711610
152080,University of Notre Dame,350868188,350868188
215062,University of Pennsylvania,231352685,231352685
157535,University of Pikeville,610444788,610444788
209825,University of Portland,930401259,930401259
236328,University of Puget Sound,910564961,910564961
121691,University of Redlands,951643389,951643389
233374,University of Richmond,540505965,540505965
205203,University of Rio Grande,314379537,314379537
195030,University of Rochester,263800000,263800000
152336,University of Saint Francis-Fort Wayne,350886846,350886846
130314,University of Saint Joseph,60646829,60646829
155812,University of Saint Mary,480547846,480547846
122436,University of San Diego,952544535,952544535
122612,University of San Francisco,941156628,941156628
215929,University of Scranton,240795495,240795495
219383,University of Sioux Falls,460224600,460224600
123961,University of Southern California,951642394,951642394
148584,University of St Francis,362170999,362170999
227863,University of St Thomas,741277664,741277664
174914,University of St Thomas,410693970,410693970
156541,University of the Cumberlands,610470593,610470593
225627,University of the Incarnate Word,741109661,741109661
107558,University of the Ozarks,710236867,710236867
120883,University of the Pacific,941156266,941156266
215132,University of the Sciences,231352668,231352668
188182,University of the Southwest,850164940,850164940
449870,University of the West,931022351,931022351
207971,University of Tulsa,730579298,730579298
216542,University of Valley Forge,231382408,231382408
210438,University of Western States,930309970,930309970
154493,Upper Iowa University,420680372,420680372
206330,Urbana University,344427951,344427951
216524,Ursinus College,231177930,231177930
206349,Ursuline College,340714777,340714777
446604,Uta Mesivta of Kiryas Joel,61555313,61555313
197045,Utica College,161476258,161476258
152600,Valparaiso University,350868125,350868125
221999,Vanderbilt University,620476822,620476822
149639,VanderCook College of Music,362539399,362539399
123651,Vanguard University of Southern California,956002998,956002998
197133,Vassar College,141338587,141338587
188340,Vaughn College of Aeronautics and Technology,110461385,110461385
197142,Villa Maria College,160871487,160871487
216597,Villanova University,231352688,231352688
482228,Virginia Baptist College,272918042,272918042
234164,Virginia Union University,540524516,540524516
234137,Virginia University of Lynchburg,540714277,540714277
234173,Virginia Wesleyan College,546039600,546039600
449764,Visible Music College,621861520,621861520
240107,Viterbo University,390978445,390978445
218919,Voorhees College,570329786,570329786
446613,W L Bonner College,582356831,582356831
152673,Wabash College,350868202,350868202
197197,Wagner College,135604699,135604699
199847,Wake Forest University,560532138,560532138
236896,Walla Walla University,910617727,910617727
172608,Walsh College of Accountancy and Business Administration,381308480,381308480
206437,Walsh University,340868798,340868798
210304,Warner Pacific College,930386890,930386890
480198,Warner Pacific College Adult Degree Program,930386890,930386890
138275,Warner University,591275800,591275800
199865,Warren Wilson College,560767736,560767736
154527,Wartburg College,420680351,420680351
216667,Washington & Jefferson College,250965601,250965601
162210,Washington Adventist University,520643528,520643528
234207,Washington and Lee University,540505977,540505977
164216,Washington College,520591691,520591691
179867,Washington University in St Louis,430653611,430653611
392840,Watkins College of Art Design & Film,620475751,620475751
229780,Wayland Baptist University,750859668,750859668
216694,Waynesburg University,250965603,250965603
197221,Webb Institute,111630912,111630912
138293,Webber International University,592139553,592139553
179894,Webster University,430662529,430662529
220206,Welch College,620481463,620481463
168218,Wellesley College,42103637,42103637
197230,Wells College,150532276,150532276
168227,Wentworth Institute of Technology,41958460,41958460
131098,Wesley College,510064335,510064335
141325,Wesleyan College,580593438,580593438
130697,Wesleyan University,60646959,60646959
237969,West Virginia Wesleyan College,550357056,550357056
433387,Western Governors University,841383926,841383926
168254,Western New England University,42108376,42108376
216807,Westminster College,250981156,250981156
230807,Westminster College,870212470,870212470
179946,Westminster College,430652617,430652617
125727,Westmont College,951684793,951684793
168281,Wheaton College,42103638,42103638
149781,Wheaton College,362182171,362182171
238078,Wheeling Jesuit University,550394213,550394213
168290,Wheelock College,42103639,42103639
237057,Whitman College,910567740,910567740
125763,Whittier College,951644048,951644048
237066,Whitworth University,910473310,910473310
475200,Whitworth University-Adult Degree Programs,910473310,910473310
244190,Widener University-Delaware Law School,231386178,231386178
216852,Widener University-Main Campus,231386178,231386178
206491,Wilberforce University,310604719,310604719
229887,Wiley College,750818183,750818183
216931,Wilkes University,240795506,240795506
210401,Willamette University,930386972,930386972
176479,William Carey University,640329400,640329400
122728,William Jessup University,941279803,941279803
179955,William Jewell College,440545914,440545914
199272,William Peace University,560529988,560529988
154590,William Penn University,420707120,420707120
179964,William Woods University,430654876,430654876
107877,Williams Baptist College,710240677,710240677
168342,Williams College,42104847,42104847
443340,Williamson Christian College,621669683,621669683
206507,Wilmington College,310537514,310537514
131113,Wilmington University,510107088,510107088
217013,Wilson College,231352692,231352692
199962,Wingate University,566049935,566049935
240338,Wisconsin Lutheran College,237179639,237179639
206525,Wittenberg University,310537177,310537177
218973,Wofford College,570314422,570314422
125897,Woodbury University,952786163,952786163
168421,Worcester Polytechnic Institute,42121659,42121659
401223,World Mission University,954230730,954230730
406200,Wright Career College,481153519,481153519
206622,Xavier University,310537516,310537516
160904,Xavier University of Louisiana,720635884,720635884
130794,Yale University,60646973,60646973
245731,Yeshiva and Kollel Harbotzas Torah,112225179,112225179
434937,Yeshiva College of the Nations Capital,521106842,521106842
420325,Yeshiva D'monsey Rabbinical College,133235250,133235250
197647,Yeshiva Derech Chaim,112357063,112357063
375230,Yeshiva Gedolah Imrei Yosef D'spinka,112960037,112960037
247773,Yeshiva Gedolah of Greater Detroit,382569760,382569760
476692,Yeshiva Gedolah Zichron Leyma,111134499,111134499
197601,Yeshiva Karlin Stolin,111752027,111752027
455257,Yeshiva of Machzikai Hadas,202570942,202570942
197674,Yeshiva of Nitra Rabbinical College,111954560,111954560
431983,Yeshiva of the Telshe Alumni,222368223,222368223
126076,Yeshiva Ohr Elchonon Chabad West Coast Talmudical Seminary,951786684,951786684
197692,Yeshiva Shaar Hatorah,112449817,112449817
441609,Yeshiva Shaarei Torah of Rockland,132905207,132905207
451398,Yeshiva Toras Chaim,223514050,223514050
197708,Yeshiva University,131624225,131624225
363712,Yeshivah Gedolah Rabbinical College,650809933,650809933
451370,Yeshivas Be'er Yitzchok,200586967,200586967
405058,Yeshivas Novominsk,133071539,133071539
197610,Yeshivat Mikdash Melech,237343102,237343102
217040,Yeshivath Beth Moshe,236409333,236409333
197735,Yeshivath Viznitz,237379099,237379099
197744,Yeshivath Zichron Moshe,141509297,141509297
181853,York College,470418641,470418641
217059,York College Pennsylvania,231352698,231352698
141361,Young Harris College,580593414,580593414
